{
    "loss": 0.6709341406822205,
    "accuracy": 0.7317625880241394
}