{
    "loss": 1.767256498336792,
    "accuracy": 0.7689170837402344
}