{
    "loss": 8.547337532043457,
    "accuracy": 0.3198912441730499
}