{
    "loss": 1.7672563791275024,
    "accuracy": 0.7689170837402344
}